"Surface","Substrate","Adsorbate","Substrate Mass","NN","mindistance","NN2","NN2min","Adsorbate mass","cos(alpha)","sin(alpha)","NN2cosa","NN2sina","Mr","Energy","Surface_Energy","Egas","Eads","Edisp","SurfaceDisp","EminusDisp","Gvib100C","ZPE","vibEntropy","vibEnthalpy"
"100","Ag","OH","107.86799999999999","1","2.1034444816178457","1","4.6269991921935922","17.007339999999999","1.0","0.0","0.89435652741995486","0.44735489475506995","14.704950401078108","-174.72538","-165.26823999999999","-7.7312472","-1.7258928000000093","-35.37786","-35.19298","-1.5410128000000096","","","",""
"100","Al","OH","26.981539999999999","1","1.7042553162461263","1","4.3213309406522695","17.007339999999999","1.0","0.0","0.88658828469125728","0.46255941612750023","10.443685904191575","-232.5213","-221.30146999999999","-7.7312472","-3.4885828000000014","-10.85201","-10.67844","-3.3150127999999945","","","",""
"100","Au","OH","196.9665","1","2.0647757201612542","1","4.6689592877530526","17.007339999999999","1.0","0.0","0.89907678662038792","0.43779096811190327","15.662967824933958","-215.24712","-206.39518000000001","-7.7312472","-1.1206927999999845","-49.08803","-48.87494","-0.9076027999999834","","","",""
"100","Cr","OH","51.996000000000002","1","1.8086956279096214","1","3.8108457992886104","17.007339999999999","1.0","0.0","0.85473794041450757","0.51905977807567183","12.841434274335423","-558.18978000000004","-546.62088000000006","-7.7312472","-3.8376527999999848","-22.25937","-22.03959","-3.6178727999999953","","","",""
"100","Cu","OH","63.545999999999999","1","1.8422952017356504","1","4.078513145577138","17.007339999999999","1.0","0.0","0.89984418898015994","0.43621145739037887","13.435771251967719","-233.19372000000001","-223.24878000000001","-7.7312472","-2.2136928000000022","-32.12954","-31.89969","-1.9838428000000103","","","",""
"100","Ir","OH","192.22","1","1.9162330241875323","1","4.2888727694586581","17.007339999999999","1.0","0.0","0.89637349966639546","0.44329961549252273","15.632881011761388","-536.27266999999995","-526.44940999999994","-7.7312472","-2.0920128000000044","-42.82763","-42.59412","-1.858502800000002","","","",""
"100","Ni","OH","58.693399999999997","1","1.7910360748924992","1","4.0053832814249226","17.007339999999999","1.0","0.0","0.90143706294832615","0.43291017722282249","13.205373697686852","-327.57297","-317.56061","-7.7312472","-2.2811128000000007","-25.49597","-25.28869","-2.0738328","","","",""
"100","Pd","OH","106.42","1","1.9776518367991882","1","4.4167939603089321","17.007339999999999","1.0","0.0","0.89698071872436502","0.44206966672315512","14.676782599068032","-322.57171","-313.26058","-7.7312472","-1.5798827999999911","-37.26703","-37.05115","-1.364002800000014","","","",""
"100","Pt","OH","195.08000000000001","1","1.9468655677349851","1","4.4750461074274606","17.007339999999999","1.0","0.0","0.90061281451961639","0.43462231687185066","15.650334505871932","-382.25364000000002","-373.07008999999999","-7.7312472","-1.4523028000000249","-48.5398","-48.29137","-1.2038728000000116","","","",""
"100","Rh","OH","102.9055","1","1.923255573398615","1","4.2704242172003255","17.007339999999999","1.0","0.0","0.89736696054325049","0.4412850984628513","14.608889663644659","-438.04498999999998","-428.27068000000003","-7.7312472","-2.0430627999999569","-35.82657","-35.57768","-1.794172799999954","","","",""
"100","V","OH","50.941499999999998","1","1.7990213100570129","1","4.1712348040425216","17.007339999999999","1.0","0.0","0.86960600724502268","0.4937462831894226","12.765843819281294","-538.91633000000002","-526.72218999999996","-7.7312472","-4.4628928000000609","-28.53463","-28.44659","-4.374852800000069","","","",""
"100","W","OH","183.84999999999999","1","1.9052139291328645","1","4.026854815808389","17.007339999999999","1.0","0.0","0.83516998637059359","0.5499919034547166","15.577390545030342","-761.16310999999996","-748.08465999999999","-7.7312472","-5.3472027999999749","-30.3078","-30.19729","-5.236692799999931","","","",""
"110","Ag","OH","107.86799999999999","1","2.0726424901616483","1","4.2801352951098091","17.007339999999999","1.0","0.0","0.80486619498133138","0.59345632373096613","14.707414148550784","-163.32695000000001","-153.84818999999999","-7.7312472","-1.7475128000000222","-30.03585","-29.89165","-1.60331280000001","","","",""
"110","Al","OH","26.981539999999999","1","1.6989426642599508","1","4.0525849227730451","17.007339999999999","1.0","0.0","0.80422685340242783","0.59432244469347606","10.445877239096122","-225.52162000000001","-214.1301","-7.7312472","-3.6602728000000138","-8.85061","-8.75885","-3.5685128000000255","","","",""
"110","Au","OH","196.9665","1","2.0498110001668088","1","4.2371579464173568","17.007339999999999","1.0","0.0","0.80104153746971307","0.59860876643109573","15.665569910018109","-202.61424","-193.69336000000001","-7.7312472","-1.1896327999999823","-42.12072","-41.77111","-0.8400227999999768","","","",""
"110","Cr","OH","51.996000000000002","1","1.7619255620959076","1","4.278007217547386","17.007339999999999","1.0","0.0","0.94433032043622189","0.32899885395670059","12.829155511039795","-576.12309000000005","-565.21470999999997","-7.7312472","-3.1771328000000789","-26.66589","-26.74753","-3.2587728000000897","","","",""
"110","Cu","OH","63.545999999999999","1","1.8197668096634134","1","3.7866531799541341","17.007339999999999","1.0","0.0","0.81610722590551155","0.5779005068563362","13.439365001317833","-219.74964","-209.72418999999999","-7.7312472","-2.2942028000000061","-26.30644","-26.0966","-2.0843627999999956","","","",""
"110","Fe","OH","55.847000000000001","1","1.7847138870661647","1","4.1346232961032179","17.007339999999999","1.0","0.0","0.94165979610364403","0.33656623182078654","13.054362222083984","-494.45004999999998","-471.03402999999997","-7.7312472","-15.684772800000003","-19.23879","-19.23648","-15.682462800000009","","","",""
"110","Ir","OH","192.22","1","1.9221717656783177","1","3.9654601364287139","17.007339999999999","1.0","0.0","0.80753877547596231","0.58981448448031781","15.635397926008936","-510.34017999999998","-500.00984999999997","-7.7312472","-2.5990828000000032","-35.41692","-35.21355","-2.3957127999999965","","","",""
"110","Mo","OH","95.939999999999998","1","1.9028791690049969","1","4.6351094644138193","17.007339999999999","1.0","0.0","0.94128725580256245","0.33760672692303018","14.455565727901895","-670.77491999999995","-659.62658999999996","-7.7312472","-3.4170827999999869","-33.50748","-33.31946","-3.2290627999999995","","","",""
"110","Ni","OH","58.693399999999997","1","1.7830744440080188","1","3.7262278244943654","17.007339999999999","1.0","0.0","0.82016663069451379","0.5721247223247824","13.209871690586928","-311.90328","-301.59634","-7.7312472","-2.575692799999997","-21.22465","-21.04461","-2.395652799999999","","","",""
"110","Pd","OH","106.42","1","1.9522154676467753","1","4.0464348309999396","17.007339999999999","1.0","0.0","0.80315520652451999","0.59576985005332039","14.679976491914223","-306.42856999999998","-296.98597000000001","-7.7312472","-1.71135279999997","-30.94158","-30.74142","-1.511192799999984","","","",""
"110","Pt","OH","195.08000000000001","1","1.9434654269307625","1","4.0195876137028019","17.007339999999999","1.0","0.0","0.79770295646059075","0.60305057271677709","15.653510734419491","-362.66525000000001","-353.24986000000001","-7.7312472","-1.6841428000000018","-40.20931","-39.98673","-1.461562799999987","","","",""
"110","Rh","OH","102.9055","1","1.9209578962062286","1","3.9533656616076853","17.007339999999999","1.0","0.0","0.81100391036883945","0.58504073137385182","14.612729678968764","-417.34442000000001","-407.34068000000002","-7.7312472","-2.2724927999999931","-29.57595","-29.38121","-2.077752800000015","","","",""
"110","V","OH","50.941499999999998","1","1.7801677432990068","1","4.3640807897090435","17.007339999999999","1.0","0.0","0.94203599978252073","0.33551181069188418","12.763414335414488","-558.17421000000002","-546.61684000000002","-7.7312472","-3.8261227999999914","-34.43362","-34.27922","-3.6717227999999746","0.14225676731974846","0.30449390648009744","0.00073511919253340633","0.41656649401358903"
"110","W","OH","183.84999999999999","1","1.8798035723526139","1","4.6456262685977556","17.007339999999999","1.0","0.0","0.94088866545969485","0.33871598605538905","15.57234670556052","-800.64822000000004","-789.37418000000002","-7.7312472","-3.5427928000000133","-36.48665","-36.30608","-3.3622227999999605","","","",""
"111","Ag","OH","107.86799999999999","1","2.3320747151313825","1","3.9035256807798819","17.007339999999999","0.61778842518879895","0.78634436584917677","0.9994539432371089","0.03304262925061717","12.405339319639159","-178.96646000000001","-168.80058","-7.7312472","-2.4346328000000153","-36.68554","-36.43684","-2.1859328000000087","0.24996268496966334","0.3221781280985474","0.00043143123924160425","0.41095125189266796"
"111","Al","OH","26.981539999999999","1","1.7649959477709378","1","4.7647179650659481","17.007339999999999","0.99607165596243641","0.088550867800657032","0.94730937728812936","0.32032006446986205","10.409449045779345","-236.57203000000001","-225.15767","-7.7312472","-3.683112800000016","-11.58316","-11.49661","-3.596562800000024","","","",""
"111","Au","OH","196.9665","1","2.0944229023437262","1","4.8572784040137789","17.007339999999999","0.99977832381604581","0.021054767336113441","0.93869715910988905","0.34474286574057444","15.661960793515917","-221.0804","-211.63874999999999","-7.7312472","-1.7104028000000095","-50.80264","-50.56948","-1.4772428000000115","","","",""
"111","Cu","OH","63.545999999999999","1","1.9053664038040472","1","4.1296453097741814","17.007339999999999","0.95169612858500718","0.30704149367196187","0.95224454205086861","0.30533642451291571","13.15648504042319","-238.45022","-228.36973","-7.7312472","-2.3492427999999972","-33.867","-33.5955","-2.077742800000008","","","",""
"111","Ir","OH","192.22","1","1.99869612433432","1","4.5120596736446874","17.007339999999999","0.9994692546867231","0.032576201988052403","0.94256406034539453","0.33402543637454268","15.631950563891722","-552.82537000000002","-542.63914999999997","-7.7312472","-2.4549728000000481","-44.77371","-44.48281","-2.1640728000000546","0.25250939097266467","0.34127954747383143","0.00046747602990497708","0.42694807153170689"
"111","Ni","OH","58.693399999999997","1","1.848334004334752","1","4.0969428396039902","17.007339999999999","0.96412537725849501","0.26544727711198091","0.95658696462255222","0.29144704341305622","12.990771362430072","-334.86505","-324.62639999999999","-7.7312472","-2.5074028000000066","-26.58702","-26.30446","-2.22484280000001","","","",""
"111","Pd","OH","106.42","1","1.9822955336862687","1","4.603733664987546","17.007339999999999","0.99998266876868003","0.0058874580481254428","0.93941394355238617","0.34278483434853746","14.675027299323062","-329.17626999999999","-319.30203999999998","-7.7312472","-2.1429828000000111","-38.60096","-38.31693","-1.858952800000024","","","",""
"111","Pt","OH","195.08000000000001","1","1.9972025196098107","1","4.6694540454032261","17.007339999999999","0.99991171970891912","0.013287316837941194","0.94122166499725013","0.33778954593030885","15.650026720382101","-392.62718000000001","-382.73604","-7.7312472","-2.1598928000000068","-50.11938","-49.81562","-1.8561328000000312","0.21496325356794335","0.3355540667830858","0.00056995488229534118","0.4276419178964499"
"111","Rh","OH","102.9055","1","1.9739917754764928","1","4.453369012484278","17.007339999999999","0.99674777821313487","0.080584530942229685","0.94929193769054909","0.31439595581960444","14.595773245847978","-449.05804000000001","-438.93320999999997","-7.7312472","-2.393582800000031","-37.48101","-37.2488","-2.1613728000000645","","","",""
"100","Ag","OH","107.86799999999999","4","2.4754744267711293","1","3.3938802165275397","17.007339999999999","0.47690844425096607","0.87895297701419917","1.0","0.0","14.764035717992453","-175.74527","-165.26823999999999","-7.7312472","-2.7457828000000131","-35.51763","-35.19298","-2.4211328000000147","0.25394180087326795","0.3313179270260816","0.00043663032896941673","0.4168704081282058"
"100","Al","OH","26.981539999999999","2","1.9086537326669444","2","3.5663685228819961","17.007339999999999","0.63604234302379659","0.77165415691279671","0.92033791437598544","0.3911241789535152","9.7555850598380704","-233.02206000000001","-221.30146999999999","-7.7312472","-3.9893428000000153","-10.88324","-10.67844","-3.7845428000000148","","","",""
"100","Au","OH","196.9665","2","2.1843227173001196","2","3.7623627669522661","17.007339999999999","0.58459813059673249","0.8113230094745284","0.92552805599774468","0.37867904293878674","15.244303403416867","-216.18744000000001","-206.39518000000001","-7.7312472","-2.0610127999999985","-49.21392","-48.87494","-1.7220327999999991","","","",""
"100","Cr","OH","51.996000000000002","4","2.3291304627043097","1","2.9506990465396488","17.007339999999999","0.56488747236914338","0.82516794869917254","1.0","0.0","13.894099793053947","-558.30170999999996","-546.62088000000006","-7.7312472","-3.9495827999999005","-22.25371","-22.03959","-3.7354627999999455","0.23107481640059294","0.3332224906421107","0.00050650289047903148","0.42007636998284353"
"100","Cu","OH","63.545999999999999","4","2.1789620317794975","1","3.0574195442010041","17.007339999999999","0.53186487945671468","0.84682923308096447","1.0","0.0","13.998909513596042","-234.09551999999999","-223.24878000000001","-7.7312472","-3.1154927999999824","-32.17829","-31.89969","-2.836892799999978","0.28109417453001967","0.34531053369029363","0.00038132261420665127","0.42338470802123157"
"100","Ir","OH","192.22","2","2.0724433747261113","2","3.6442006808567498","17.007339999999999","0.70379244533431806","0.71040565446112591","0.92782062480001248","0.37302665882710667","15.682004198110127","-537.02747999999997","-526.44940999999994","-7.7312472","-2.8468228000000249","-42.88636","-42.59412","-2.554582799999997","","","",""
"100","Ni","OH","58.693399999999997","4","2.1261798095952029","1","2.9542218625406367","17.007339999999999","0.53661642044894831","0.84382629569394052","1.0","0.0","13.850814895201841","-328.58810999999997","-317.56061","-7.7312472","-3.2962527999999747","-25.54967","-25.28869","-3.035272799999982","0.28024760376475061","0.3485667904957496","0.00039069498107292366","0.42603543595211207"
"100","Pd","OH","106.42","4","2.3549337526189533","1","3.186136576285012","17.007339999999999","0.50294147046622395","0.86432047140240309","1.0","0.0","14.929468722200877","-323.52683999999999","-313.26058","-7.7312472","-2.5350127999999881","-37.36664","-37.05115","-2.21952279999997","0.24220855072013894","0.33432620255602885","0.00047752171667960733","0.42039577929913441"
"100","Pt","OH","195.08000000000001","2","2.0903922171486471","2","3.6474638049477659","17.007339999999999","0.64568426303828497","0.76360450002910985","0.92811550236693197","0.37229237739467302","15.494172405420407","-383.22631000000001","-373.07008999999999","-7.7312472","-2.4249728000000186","-48.65461","-48.29137","-2.061732800000028","","","",""
"100","Rh","OH","102.9055","4","2.3182461253268909","1","3.1646293503915714","17.007339999999999","0.54565946954100764","0.83800700671308603","1.0","0.0","15.116946477626998","-438.88454999999999","-428.27068000000003","-7.7312472","-2.8826227999999627","-35.86496","-35.57768","-2.595342799999967","","","",""
"100","V","OH","50.941499999999998","4","2.2314778941596396","1","2.9343754101381001","17.007339999999999","0.54534125183391413","0.8382141248202748","1.0","0.0","13.626419760439497","-539.51180999999997","-526.72218999999996","-7.7312472","-5.0583728000000132","-28.59104","-28.44659","-4.913922799999993","0.31649533729850532","0.3641707750505745","0.00030597043435945837","0.43066820487973723"
"100","W","OH","183.84999999999999","2","2.1055632605606163","2","3.4648317732934522","17.007339999999999","0.72182745867281228","0.69207305965913002","0.88622875144261892","0.46324788193412919","15.706780352043536","-761.14313000000004","-748.08465999999999","-7.7312472","-5.3272228000000563","-30.35374","-30.19729","-5.170772800000039","","","",""
"110","Ag","OH","107.86799999999999","2","2.2953079602500126","2","3.0996522457568743","17.007339999999999","0.48591999677401276","0.87400329332053628","0.87471299593633078","0.48464128460139305","13.817381399742269","-164.06366","-153.84818999999999","-7.7312472","-2.4842228000000102","-30.19267","-29.89165","-2.183202800000016","","","",""
"110","Al","OH","26.981539999999999","2","1.946327191458803","2","3.317188057026025","17.007339999999999","0.60986560805613543","0.79250485178976693","0.898591335962451","0.43878652091104342","9.5492754984571597","-225.59173000000001","-214.1301","-7.7312472","-3.7303828000000134","-8.87333","-8.75885","-3.615902800000004","","","",""
"110","Au","OH","196.9665","2","2.2283288550138822","2","3.3057198346199681","17.007339999999999","0.53912883437544001","0.84222330764766862","0.89584415240471149","0.44436837714027766","15.181096201711576","-203.47470999999999","-193.69336000000001","-7.7312472","-2.0501027999999746","-42.12072","-41.77111","-1.700492799999969","","","",""
"110","Cr","OH","51.996000000000002","3","2.015229420156853","1","3.4630510281080604","17.007339999999999","0.67607713244178025","0.7368308564313113","0.98417995876418984","0.17717169290526508","13.800090151142552","-577.82983999999999","-565.21470999999997","-7.7312472","-4.8838828000000216","-26.66659","-26.74753","-4.964822799999981","0.32011595541126014","0.3620247372213107","0.0002905858044623805","0.42854804834639743"
"110","Cu","OH","63.545999999999999","2","2.030334492316709","2","2.8938371658556523","17.007339999999999","0.5673156800416993","0.82350040630155374","0.89353983759641165","0.44898391800617787","12.789105470828444","-220.30936","-209.72418999999999","-7.7312472","-2.8539228000000048","-26.39439","-26.0966","-2.556132799999988","","","",""
"110","Fe","OH","55.847000000000001","3","1.9840032611919747","1","3.3661975516797775","17.007339999999999","0.64458179087280765","0.76453535881292234","0.98862153251421803","0.15042428477223629","13.750406684760117","-501.29052000000001","-471.03402999999997","-7.7312472","-22.525242800000044","-19.22702","-19.23648","-22.534702800000062","0.31210032367926344","0.3580231408992957","0.00030906931515255209","0.42742953862843824"
"110","Ir","OH","192.22","2","2.1939304019923793","2","3.0161304525433961","17.007339999999999","0.57712510943490414","0.81665574635812732","0.8867036599450322","0.46233820893376826","15.428427390294447","-510.50254000000001","-500.00984999999997","-7.7312472","-2.7614428000000384","-35.49276","-35.21355","-2.4822328000000606","","","",""
"110","Mo","OH","95.939999999999998","3","2.1643628142838502","1","3.6730791710393782","17.007339999999999","0.6669524214500786","0.74510030702038821","0.98165275336696789","0.19067740245516995","15.062740120165081","-671.49032","-659.62658999999996","-7.7312472","-4.132482800000032","-33.55756","-33.31946","-3.8943828000000646","0.3124331225845195","0.3574646291920221","0.00030441717289878825","0.42602639065170234"
"110","Ni","OH","58.693399999999997","2","1.9846683885504268","2","2.8790638536575814","17.007339999999999","0.59646115436406344","0.8026419446644244","0.89956950364029054","0.4367776415069356","12.745455080289711","-312.36775","-301.59634","-7.7312472","-3.0401628000000027","-21.28538","-21.04461","-2.7993928000000263","","","",""
"110","Pd","OH","106.42","2","2.1443950677977761","2","2.9893273911404052","17.007339999999999","0.52070590787795779","0.85373611701801144","0.88047545808907524","0.47409172920736875","13.934659521433771","-307.19934999999998","-296.98597000000001","-7.7312472","-2.4821327999999721","-31.05522","-30.74142","-2.1683327999999538","","","",""
"110","Pt","OH","195.08000000000001","2","2.1514431703945456","2","3.0551112476459283","17.007339999999999","0.54308674573680982","0.83967659643758186","0.88414155943595452","0.4672191165589849","15.251572035466038","-363.40568999999999","-353.24986000000001","-7.7312472","-2.4245827999999801","-40.34653","-39.98673","-2.0647828000000086","","","",""
"110","Rh","OH","102.9055","2","2.1586075202026849","2","2.9621412477344866","17.007339999999999","0.56444383541001808","0.82547147538096588","0.88747722233608684","0.46085158113499392","14.205050699317646","-417.76373000000001","-407.34068000000002","-7.7312472","-2.6918027999999889","-29.65619","-29.38121","-2.4168228000000074","","","",""
"110","V","OH","50.941499999999998","3","2.0441392948003134","1","3.3677785622991263","17.007339999999999","0.63452866128343766","0.7728993323906086","0.99116968308048037","0.13259962044493226","13.43264529726253","-559.35019999999997","-546.61684000000002","-7.7312472","-5.0021127999999475","-34.53531","-34.27922","-4.7460227999999685","0.32134125098731203","0.3664182713127101","0.00029861996561598563","0.43277129115691704"
"110","W","OH","183.84999999999999","3","2.1477422097856151","1","3.6901092423953457","17.007339999999999","0.6767245687569361","0.73623627867739516","0.98071170889619952","0.19545982716122495","15.960092064502289","-801.11310000000003","-789.37418000000002","-7.7312472","-4.007672800000007","-36.57558","-36.30608","-3.738172800000063","0.31585504570482481","0.3602786007899763","0.00029989321007427609","0.42776019704404095"
"111","Ag","OH","107.86799999999999","3","2.3232736720753682","3","4.2100214580156541","17.007339999999999","0.61298612475779513","0.79009367220249327","0.91734022242646263","0.39810415260151194","15.027205976058806","-179.02153999999999","-168.80058","-7.7312472","-2.4897127999999906","-36.70325","-36.43684","-2.22330279999999","0.25375489931385165","0.32568657600071077","0.000426424606235776","0.41287524113073149"
"111","Al","OH","26.981539999999999","3","2.0901438748971524","3","3.8024380443475714","17.007339999999999","0.54505691822137214","0.83839904335526316","0.90373363360547554","0.4280952224566914","10.253641606485084","-236.58121","-225.15767","-7.7312472","-3.6922928000000024","-11.67274","-11.49661","-3.5161627999999983","0.2701322942121836","0.33762635460033213","0.0003920120917794746","0.41641160625969453"
"111","Au","OH","196.9665","3","2.3301317801498485","3","4.0729728784416244","17.007339999999999","0.55128582287985917","0.8343164516486995","0.91126851340279647","0.41181269587114161","15.650581400808383","-221.25337999999999","-211.63874999999999","-7.7312472","-1.883382800000005","-50.86263","-50.56948","-1.5902328000000079","0.26607633559317356","0.3342805201470663","0.00040373617559790007","0.41673048951752995"
"111","Cu","OH","63.545999999999999","3","2.0473868859601985","3","3.7295332965850911","17.007339999999999","0.65143167614412223","0.75870730279605136","0.92134788057330019","0.3887390936902122","14.177527342177275","-238.92184","-228.36973","-7.7312472","-2.8208627999999987","-33.95302","-33.5955","-2.4633427999999906","0.28933891575546172","0.34237689292354767","0.00034830338179461649","0.41930832267212287"
"111","Ir","OH","192.22","3","2.2329765576733944","3","4.0710851993764727","17.007339999999999","0.68959595463341905","0.72419432430337616","0.92288662178430492","0.3850717898412625","16.05662259759961","-552.55295999999998","-542.63914999999997","-7.7312472","-2.1825628000000119","-44.75741","-44.48281","-1.9079628000000195","0.26071026371989736","0.3292060391543018","0.0004073576428007754","0.41271576813100669"
"111","Ni","OH","58.693399999999997","3","1.9824838984374493","3","3.666282934299351","17.007339999999999","0.65651641416933715","0.7543117378950398","0.92193461870498805","0.38734552899612529","14.011425843933704","-335.44486999999998","-324.62639999999999","-7.7312472","-3.0872227999999904","-26.59695","-26.30446","-2.7947327999999967","0.29065013167288301","0.3427138614341507","0.00034400925909348895","0.41901718670361843"
"111","Pd","OH","106.42","3","2.1876314264461301","3","4.0103492605758051","17.007339999999999","0.62523118711041192","0.78043959578208555","0.9176315059553023","0.39743228263215369","15.062244845421189","-329.31749000000002","-319.30203999999998","-7.7312472","-2.2842028000000436","-38.6332","-38.31693","-1.9679328000000549","0.25319562863985362","0.3260253607557217","0.00042717693120358427","0.41259670051847108"
"111","Pt","OH","195.08000000000001","3","2.2280747642203971","3","3.985327393097247","17.007339999999999","0.60984609318186023","0.79251986891864223","0.91561070177613713","0.40206596821045387","15.846576698238042","-392.40150999999997","-382.73604","-7.7312472","-1.9342227999999704","-50.21972","-49.81562","-1.5301227999999778","0.27151859966989345","0.3371191040326682","0.00039114126510957238","0.41747296274553036"
"111","Rh","OH","102.9055","3","2.1794736275721114","3","4.0272364425945382","17.007339999999999","0.68749911932177155","0.72618521117672763","0.92309204233189868","0.38457909639438781","15.299506809797506","-449.23372000000001","-438.93320999999997","-7.7312472","-2.5692628000000308","-37.43139","-37.2488","-2.386672800000012","0.2626393439855404","0.3298336868019404","0.0004039834291146311","0.41338576055966497"
"100","Ag","OOH","107.86799999999999","1","2.2451650980427749","1","4.5704560808165837","33.006740000000001","0.98288001902431033","0.18424675900208265","0.93018488836899849","0.36709136934822334","25.141053629756467","-178.81331","-165.26823999999999","-10.625912","-2.9191580000000101","-35.40894","-35.19298","-2.7031980000000075","","","",""
"100","Al","OOH","26.981539999999999","1","1.8975165793583304","1","3.4859895670227306","33.006740000000001","0.61004663727769004","0.79236550931131677","0.91475491477063342","0.40400921512135229","8.0309830231602994","-241.58421999999999","-221.30146999999999","-10.625912","-9.6568379999999934","-11.0632","-10.67844","-9.272078","0.35394425811156971","0.4382063987850793","0.00053281218847560157","0.55276312624124047"
"100","Au","OOH","196.9665","1","2.2535790091738752","1","3.8617007644056192","33.006740000000001","0.65715923090131079","0.75375177959405038","0.94549073953342067","0.32564898503840772","24.273593012746023","-220.31477000000001","-206.39518000000001","-10.625912","-3.2936779999999999","-49.34445","-48.87494","-2.8241680000000073","0.25371339379784397","0.41839095228654255","0.000825737703721017","0.56183741794134145"
"100","Cr","OOH","51.996000000000002","1","1.641167627139466","1","3.50488550934055","33.006740000000001","0.98142183275221839","0.19186241475931845","0.87181710924252365","0.48983153025505577","19.959635170512392","-562.57622000000003","-546.62088000000006","-10.625912","-5.3294279999999787","-22.36461","-22.03959","-5.004408000000009","","","",""
"100","Cu","OOH","63.545999999999999","1","2.1561097729663015","1","3.0159206649543311","33.006740000000001","0.52330379610509414","0.85214619460629992","0.99999995196808855","0.0003099416408498048","14.145101006048117","-237.98390000000001","-223.24878000000001","-10.625912","-4.1092079999999953","-32.22165","-31.89969","-3.787247999999984","","","",""
"100","Ir","OOH","192.22","1","1.9289007273409529","1","4.3154969178651266","33.006740000000001","0.99916500401512198","0.040857003701461725","0.8996011320344024","0.43671249494652875","28.189095241597368","-541.15156000000002","-526.44940999999994","-10.625912","-4.0762380000000746","-43.0345","-42.59412","-3.6358580000000913","0.21379978364456115","0.4129015270179902","0.00089618753284296756","0.54821216152491448"
"100","Ni","OOH","58.693399999999997","1","1.9036400330671361","1","2.7538201409084118","33.006740000000001","0.46823534012656121","0.88360379484051765","0.99852378230144068","0.054316260718362402","11.878624896204052","-335.62619999999998","-317.56061","-10.625912","-7.4396779999999865","-25.69471","-25.28869","-7.033657999999999","","","",""
"100","Pd","OOH","106.42","1","2.0921960132370687","1","3.7112741744302693","33.006740000000001","0.70182752480431643","0.71234691367833303","0.94723268971807761","0.32054676964439399","20.681541784529074","-327.75420000000003","-313.26058","-10.625912","-3.8677080000000217","-37.5185","-37.05115","-3.400358000000004","0.29969901782952657","0.41929414146943667","0.0006629764916199621","0.54708869567751539"
"100","Pt","OOH","195.08000000000001","1","1.9836278410893753","1","3.5620791896080415","33.006740000000001","0.64781695456633503","0.76179603134723595","0.92590049974452748","0.37776747421242368","23.906349623043663","-389.80608999999998","-373.07008999999999","-10.625912","-6.1100879999999904","-48.91279","-48.29137","-5.4886679999999615","0.37829007227788247","0.4440005987673174","0.00043758461789076387","0.54157477244382102"
"100","Rh","OOH","102.9055","1","1.9168688603355639","1","3.5364889488928344","33.006740000000001","0.6859220759725595","0.72767500004706376","0.93180962226932118","0.36294741746746839","19.979926557299276","-446.01105999999999","-428.27068000000003","-10.625912","-7.1144679999999596","-36.06292","-35.57768","-6.629227999999941","0.34923742085133347","0.4352211610055512","0.00052422858132313997","0.5448533159720631"
"100","V","OOH","50.941499999999998","1","2.0449126670023592","1","2.1594640296741718","33.006740000000001","0.29766929084466293","0.95466904908875894","0.999878351782023","0.015597488184475827","10.197809163688071","-549.49180000000001","-526.72218999999996","-10.625912","-12.143698000000057","-28.71363","-28.44659","-11.876658000000091","0.36274310869661897","0.4332807615570068","0.00048123977534080735","0.5423177308650412"
"100","W","OOH","183.84999999999999","1","1.9353959642158607","1","3.8327336103565086","33.006740000000001","0.98646385339857223","0.16397885820446539","0.87574854295764992","0.4827675315382689","27.920917486632945","-765.09765000000004","-748.08465999999999","-10.625912","-6.3870780000000593","-30.37882","-30.19729","-6.205548000000039","0.19464777341541117","0.39624094788923936","0.00094633129377084935","0.54777129568600358"
"110","Ag","OOH","107.86799999999999","1","2.2607260052592033","1","3.5871308659375249","33.006740000000001","0.70116096576671549","0.71300301548106138","0.8833539006885831","0.4687066098725991","21.032363819519848","-168.11809","-153.84818999999999","-10.625912","-3.6439880000000073","-30.16818","-29.89165","-3.367457999999999","0.27292933484263177","0.42164679399292837","0.00077486794707487333","0.5620713092936207"
"110","Al","OOH","26.981539999999999","1","1.8317113144868946","1","1.9116956702038295","33.006740000000001","0.24215137288233912","0.97023848233885168","0.78448411112637983","0.62014891710802311","3.9512008405956873","-234.45375999999999","-214.1301","-10.625912","-9.69774799999999","-9.00145","-8.75885","-9.455147999999987","","","",""
"110","Au","OOH","196.9665","1","2.2267431994567044","1","3.3197297123267857","33.006740000000001","0.61272283527268345","0.7902978724097669","0.90594419966918349","0.42339710330346197","23.953376108509993","-207.63508999999999","-193.69336000000001","-10.625912","-3.3158179999999788","-42.12072","-41.77111","-2.9662079999999733","","","",""
"110","Cr","OOH","51.996000000000002","1","1.8864767648190308","1","3.2542749297962357","33.006740000000001","0.63031303221755008","0.77634108574563909","0.98507800265468859","0.17210847941298296","13.379394480812319","nan","-565.21470999999997","-10.625912","nan","nan","-26.74753","nan","","","",""
"110","Cu","OOH","63.545999999999999","1","1.9743402096638751","1","3.19218653700921","33.006740000000001","0.74657094750646924","0.66530580963891539","0.88163686069629588","0.4719284329870157","17.670078286192272","-224.47969000000001","-209.72418999999999","-10.625912","-4.1295880000000125","-26.37963","-26.0966","-3.8465580000000195","","","",""
"110","Fe","OOH","55.847000000000001","1","1.8381401007844327","1","3.2700762448655354","33.006740000000001","0.65216637734919358","0.75807586444578834","0.97837302244511304","0.20684832354073912","14.349542814200829","nan","-471.03402999999997","-10.625912","nan","nan","-19.23648","nan","","","",""
"110","Ir","OOH","192.22","1","1.7821063496488618","1","3.8542186042289517","33.006740000000001","0.99962780708233467","0.027280896388546205","0.80068793737094757","0.59908165298952165","28.192070280912887","-517.90350999999998","-500.00984999999997","-10.625912","-7.2677480000000116","-35.62487","-35.21355","-6.856428000000022","0.31451198672622765","0.4294359922797231","0.00062384596998408767","0.54730011042578997"
"110","Mo","OOH","95.939999999999998","1","2.0543284857661712","1","3.4883257418373943","33.006740000000001","0.61172370704542911","0.79107149249520947","0.97944445268976932","0.20171406518941218","17.998006193712087","-680.19581000000005","-659.62658999999996","-10.625912","-9.9433080000000871","-33.74559","-33.31946","-9.517178000000094","0.35876171807980473","0.4297990291483078","0.00048600768822419275","0.54011548694066225"
"110","Ni","OOH","58.693399999999997","1","1.8940296782910335","1","3.167568328015292","33.006740000000001","0.77242809299326354","0.63510222890082035","0.86928515523828687","0.49431095363379046","17.434418595407319","nan","-301.59634","-10.625912","nan","nan","-21.04461","nan","","","",""
"110","Pd","OOH","106.42","1","1.9766195567178473","1","3.7627533548936229","33.006740000000001","0.96388731739162647","0.26631041919454435","0.85999604956063702","0.51030069051501226","24.846011715239555","-311.35181999999998","-296.98597000000001","-10.625912","-3.7399379999999667","-31.05942","-30.74142","-3.4219379999999795","","","",""
"110","Pt","OOH","195.08000000000001","1","1.8123628417965902","1","3.7398041111111193","33.006740000000001","0.97801929353127193","0.20851441552226474","0.82198611650510278","0.56950752784564607","28.083590345840054","-368.98840000000001","-353.24986000000001","-10.625912","-5.1126280000000008","-40.48978","-39.98673","-4.609578000000006","","","",""
"110","Rh","OOH","102.9055","1","1.8490122061437122","1","3.3089979586838698","33.006740000000001","0.7279426350042143","0.68563803872241602","0.8225409955856009","0.56870582077296217","20.846576054388791","-424.91703999999999","-407.34068000000002","-10.625912","-6.950447999999966","-29.76023","-29.38121","-6.571427999999987","0.31519373551704566","0.42550412404656734","0.00061463483042249528","0.54454472248919972"
"110","V","OOH","50.941499999999998","1","1.7665076786664116","1","4.249584161032919","33.006740000000001","0.99587406604050288","0.090746044475536705","0.95169608353097679","0.30704163331997802","20.000861477083923","-561.92489","-546.61684000000002","-10.625912","-4.6821379999999806","-34.4662","-34.27922","-4.495158000000025","","","",""
"110","W","OOH","183.84999999999999","1","2.0413589763906814","1","3.4853256197630116","33.006740000000001","0.62012111237219836","0.78450609047366049","0.97944577575405189","0.20170764080109441","23.150977143707749","-809.94737999999995","-789.37418000000002","-10.625912","-9.9472879999999293","-36.75687","-36.30608","-9.496497999999882","0.37471915107779974","0.4405090200921318","0.00045841520415103998","0.54577678450676026"
"111","Ag","OOH","107.86799999999999","1","2.3469897062977951","1","4.2801806675770244","33.006740000000001","0.75592843472542359","0.6546542610978493","0.98312837000564957","0.18291694314643139","21.821764400651084","-182.96903","-168.80058","-10.625912","-3.5425380000000075","-36.87138","-36.43684","-3.107997999999988","0.29630973948705291","0.42575011357804626","0.0007061778752682717","0.5598200136434085"
"111","Al","OOH","26.981539999999999","1","1.8518125667303882","1","3.6043941551823351","33.006740000000001","0.38652636598672335","0.92227835732879337","0.8890500021901141","0.45781010649149967","3.894976356258518","-245.52941999999999","-225.15767","-10.625912","-9.745837999999992","-11.8076","-11.49661","-9.434847999999985","","","",""
"111","Au","OOH","196.9665","1","2.1658738832803444","1","4.7862378893262214","33.006740000000001","0.98841811385674005","0.15175517190489582","0.95758930592137859","0.28813663631168551","28.206889593781913","-225.26423","-211.63874999999999","-10.625912","-2.9995680000000107","-51.02234","-50.56948","-2.5467080000000237","","","",""
"111","Cu","OOH","63.545999999999999","1","2.0333154176238226","1","3.4555967823592328","33.006740000000001","0.66824179812095785","0.74394415062158326","0.99997980314701218","0.0063555722057730378","15.960424290822411","-242.71437","-228.36973","-10.625912","-3.7187279999999987","-33.92287","-33.5955","-3.3913579999999826","","","",""
"111","Ir","OOH","192.22","1","1.8112878015968872","1","4.3579681532203436","33.006740000000001","0.99991057397939154","0.013373258548448612","0.93467789004834334","0.35549576910953079","28.187329386521395","-558.55008999999995","-542.63914999999997","-10.625912","-5.2850279999999827","-45.04207","-44.48281","-4.725768000000016","0.29599613096553062","0.41749786372370196","0.00065506652932587636","0.54043420638348139"
"111","Ni","OOH","58.693399999999997","1","1.8325093892803184","1","4.1807640963991552","33.006740000000001","0.99324185067666138","0.11606302625901482","0.95460071449496697","0.29788836144720121","21.072340384375895","-338.93939","-324.62639999999999","-10.625912","-3.6870780000000138","-26.74381","-26.30446","-3.2477280000000164","0.19289996100381335","0.4034917776842667","0.00094486546393237713","0.54547650887017984"
"111","Pd","OOH","106.42","1","2.0085808755191277","1","4.5118680935500519","33.006740000000001","0.97760747066643194","0.21043676793084751","0.96523571075570502","0.26138099143191118","24.965359799752417","-333.53588999999999","-319.30203999999998","-10.625912","-3.6079380000000185","-38.80258","-38.31693","-3.12228800000004","0.28188894537578696","0.43140446999396276","0.00074841401915167198","0.56115963662223334"
"111","Pt","OOH","195.08000000000001","1","2.0136388645063552","1","4.6710837814405366","33.006740000000001","0.99832160915691115","0.057913424094554071","0.94730533108897663","0.32033203038473118","28.239945596590893","-396.93518","-382.73604","-10.625912","-3.5732280000000003","-50.32471","-49.81562","-3.064138000000021","0.27840419759133933","0.4331041863104007","0.00076410615701199094","0.56353041008036375"
"111","Rh","OOH","102.9055","1","2.0071534294393025","1","3.5384321519456412","33.006740000000001","0.62403332028538439","0.78139773174331584","0.99999795315892637","0.0020232839538158989","18.745844358867895","-455.90345000000002","-438.93320999999997","-10.625912","-6.344328000000047","-37.67316","-37.2488","-5.919968000000054","0.33183314042853274","0.41941302637623096","0.00054992935395604622","0.53703927885723135"
"100","Ag","OOH","107.86799999999999","4","2.4636657418684553","1","3.4053824387593234","33.006740000000001","0.49118626485422712","0.87105456385840319","0.99998531097533039","0.0054201322467019577","25.760861956757605","-179.66174000000001","-165.26823999999999","-10.625912","-3.7675880000000177","-35.5859","-35.19298","-3.374668000000007","","","",""
"100","Ir","OOH","192.22","2","2.1003439449173036","2","3.6614641248385813","33.006740000000001","0.73170367235468148","0.6816228692339138","0.94428092729416735","0.32914059358952913","28.659578576460859","-541.50085000000001","-526.44940999999994","-10.625912","-4.425528000000071","-43.07256","-42.59412","-3.9470880000000577","0.30083511642606758","0.4155753679022372","0.00064098911906526721","0.54002020620527202"
"100","Pd","OOH","106.42","4","2.3072983386355812","1","3.1713949672377044","33.006740000000001","0.49964979826066902","0.86622749846565883","0.99989927035142923","0.014193278362643509","25.872947393949502","-327.59622999999999","-313.26058","-10.625912","-3.7097379999999873","-37.44059","-37.05115","-3.320298000000001","0.20286587608404832","0.39303257972942535","0.0009227044814451936","0.54717305333532229"
"100","Rh","OOH","102.9055","4","2.0632944531184303","1","3.0301106322009743","33.006740000000001","0.51766254848347759","0.85558487942318806","0.99793667098604755","0.064205924191505226","25.863221905522522","-442.99703","-428.27068000000003","-10.625912","-4.1004379999999685","-35.93402","-35.57768","-3.744097999999994","0.13918556315705605","0.3500963660351117","0.0010187541570353432","0.51933367685479437"
"110","Ag","OOH","107.86799999999999","2","2.3581857160774997","2","3.0448026574541496","33.006740000000001","0.53291652969988623","0.84616781572725297","0.95295567527429459","0.30310968470590521","24.45764713782744","-168.08937","-153.84818999999999","-10.625912","-3.6152680000000146","-30.29878","-29.89165","-3.2081380000000195","0.196436939104706","0.40282805956403195","0.00096274349429746218","0.55568467400180399"
"111","Ag","OOH","107.86799999999999","3","2.3323875204783149","3","4.2368942142332697","33.006740000000001","0.62195454033701136","0.78305335051590008","0.92196029546836444","0.38728440916190549","26.429071102141013","-182.91130999999999","-168.80058","-10.625912","-3.48481799999999","-36.76668","-36.43684","-3.1549779999999785","0.22381083780711453","0.40806378100476753","0.00089142389563071566","0.55644566446171606"
"111","Au","OOH","196.9665","3","2.3606052067925081","3","4.1670069851876184","33.006740000000001","0.60293024438912657","0.7977939084756589","0.91892516321674733","0.39443192620156153","28.876302231326395","-225.22327999999999","-211.63874999999999","-10.625912","-2.9586180000000013","-50.92334","-50.56948","-2.604758000000004","0.23227093190485432","0.4108098847106659","0.00086841051197407296","0.55631831444797963"
"111","Cu","OOH","63.545999999999999","3","2.0289734073861032","3","3.7132830203713203","33.006740000000001","0.64467164848715253","0.76445959058465407","0.92220478797575911","0.38670186065570605","23.650164198373549","-242.76321999999999","-228.36973","-10.625912","-3.7675779999999861","-33.94945","-33.5955","-3.4136279999999743","","","",""
"111","Ir","OOH","192.22","3","2.0997075920952093","3","3.9491501479070297","33.006740000000001","0.65880056310330848","0.75231763109391736","0.91918036719302909","0.39383683495438598","29.301719762174073","-556.71578","-542.63914999999997","-10.625912","-3.4507180000000233","-44.80808","-44.48281","-3.1254480000000058","","","",""
"111","Ni","OOH","58.693399999999997","3","1.8559928653520361","3","3.5298035877092864","33.006740000000001","0.61200376611559382","0.79085484778202464","0.91618905232765091","0.4007463292345434","22.327455491659997","-342.31569999999999","-324.62639999999999","-10.625912","-7.0633880000000033","-26.77364","-26.30446","-6.594208000000002","0.35829996018321986","0.4359502614447813","0.00050193872886995165","0.54559839686104228"
"111","Pd","OOH","106.42","3","2.1341222102576363","3","3.9496065535901304","33.006740000000001","0.6189953371175857","0.78539466042664585","0.91830583677670008","0.39587168393539413","26.276232837493254","-333.39747","-319.30203999999998","-10.625912","-3.4695180000000221","-38.74784","-38.31693","-3.038608000000025","0.2173591455502355","0.39151934729012816","0.00086813345547471544","0.54130314446062555"
"111","Pt","OOH","195.08000000000001","3","2.1829637383017202","3","3.9656755693515842","33.006740000000001","0.61465195614810642","0.78879843610602218","0.91796782316552306","0.39665485706436382","28.933246297040149","-396.50814000000003","-382.73604","-10.625912","-3.1461880000000235","-50.29221","-49.81562","-2.669598000000015","","","",""
"111","Rh","OOH","102.9055","3","2.0467932505355746","3","3.8760127193879015","33.006740000000001","0.63908541592370804","0.76913576899895963","0.91745007942167667","0.39785091651164911","26.388328868893971","-453.38425999999998","-438.93320999999997","-10.625912","-3.8251380000000097","-37.56426","-37.2488","-3.5096780000000223","0.17192222739958213","0.3685564383775877","0.00094571782929033909","0.52481683539927215"
